{"0": [[-0.8463120460510254, -0.8063647747039795, -0.4180624186992645, -0.5950478315353394]], 

"1": [[-0.21510255336761475, 0.14986908435821533, 0.6791222095489502, 0.1834792047739029]],

"2": [[-3.442934989929199, 0.3740134835243225, 1.716039776802063, 0.2780745029449463]], 

"3": [[-4.716025352478027, -0.28764569759368896, 2.652364730834961, -0.02410447597503662]],

"4": [[-0.7784671783447266, -5.236855983734131, 3.7211148738861084, 2.460543394088745]], 

"5": [[-2.9822428226470947, -1.2962119579315186, 3.1827239990234375, -0.5381816029548645]], 

"6": [[-3.120441436767578, -1.6747069358825684, 5.844070911407471, 1.8207756280899048]], 

"7": [[-1.9160277843475342, -2.182969093322754, 6.224620342254639, 2.06709885597229]], 

"8": [[-5.014254570007324, -0.06371819972991943, 3.981544256210327, 0.5148884057998657]], 

"9": [[-2.293710708618164, 0.7300227880477905, 3.7549304962158203, -1.2672919034957886]],

"10": [[-0.6153994798660278, -8.280488967895508, 7.087153434753418, 2.8708834648132324]], 

"11": [[-2.8092103004455566, 0.9658538103103638, 5.420085906982422, -4.153839111328125]], 

"12": [[-0.4233326017856598, -3.0270488262176514, 3.623548746109009, 1.5687966346740723]], 

"13": [[-12.588204383850098, -1.464227557182312, 5.740952491760254, 1.0008279085159302]], 

"14": [[-5.263884544372559, -0.13048967719078064, 6.9830641746521, 4.550800323486328]], 

"15": [[-2.6793878078460693, -0.1631409227848053, 1.3612525463104248, 0.8865929841995239]], 

"16": [[-2.6789042949676514, -1.4061557054519653, 3.606882333755493, -0.006880402565002441]], 

"17": [[-1.912344217300415, 1.5476672649383545, 3.279970169067383, -2.564225196838379]], 

"18": [[-2.664376735687256, 0.18493062257766724, 3.8150947093963623, -1.4587289094924927]], 

"19": [[-1.1738532781600952, -2.0241360664367676, 2.4202628135681152, -0.10177285969257355]], 

"20": [[-7.168002605438232, -1.4469988346099854, 3.0198230743408203, -1.1905853748321533]], 

"21": [[-1.5316847562789917, 0.8806264400482178, 4.918834686279297, 1.2317413091659546]], 

"22": [[-6.8636794090271, 0.7418793439865112, 5.154836654663086, 1.6417338848114014]], 

"23": [[-1.1541539430618286, -5.5988311767578125, 3.7917518615722656, -2.2145066261291504]], 

"24": [[-1.792433261871338, -2.0095083713531494, 1.8463352918624878, 1.652860403060913]], 

"25": [[-1.1394219398498535, -0.8248558640480042, 2.947784185409546, -3.2093334197998047]], 

"26": [[-2.6402339935302734, -1.4899988174438477, 2.523981809616089, -0.1521925926208496]], 

"27": [[-2.9772651195526123, 0.6160064935684204, 3.2767317295074463, -4.321808815002441]], 

"28": [[-0.630271852016449, -1.535551905632019, 2.297896146774292, -0.6096377968788147]], 

"29": [[1.3232533931732178, -2.659637451171875, 1.3654505014419556, -0.5825331211090088]],  

"30": [[-0.9941213130950928, -1.3631815910339355, 2.2143683433532715, 2.0741031169891357]], 

"31": [[-1.8287827968597412, -1.0614103078842163, 5.095600128173828, 2.6596832275390625]], 

"32": [[-1.3347835540771484, -3.8300671577453613, 1.9651780128479004, 0.21997779607772827]], 

"33": [[0.5681400299072266, -0.06465399265289307, 1.0996943712234497, 1.0164018869400024]], 

"34": [[-4.860487937927246, -3.156407594680786, 3.6838979721069336, 1.6637486219406128]], 

"35": [[-3.235238552093506, -8.939821243286133, 2.2453970909118652, -0.32745814323425293]], 

"36": [[-1.5492961406707764, -1.2539781332015991, 1.5512135028839111, 1.4858455657958984]], 

"37": [[-0.32277294993400574, -0.7329308390617371, 2.8121237754821777, 1.6035922765731812]], 

"38": [[-1.0413384437561035, 0.8250342011451721, 1.4294934272766113, 0.47493892908096313]],  

"39": [[-3.5594980716705322, -6.791012763977051, 3.4543676376342773, 1.6802856922149658]]}
