{"0": [[-1.088217854499817, -0.31991517543792725, -0.8325200080871582, -0.5471696853637695]], 

"1": [[-0.09521138668060303, 0.8126964569091797, 0.062036752700805664, 0.3624449372291565]], 

"2": [[-2.371324300765991, 1.7537561655044556, -0.3838844299316406, 0.2562186121940613]],

"3": [[-6.2862749099731445, 2.5131137371063232, -2.4780521392822266, 1.695939302444458]],

"4": [[-0.28415441513061523, 3.8034653663635254, -0.6675920486450195, -2.7678990364074707]], 

"5": [[-1.1799359321594238, 2.658829927444458, -4.995919704437256, -0.49284714460372925]], 

"6": [[-4.540410995483398, 3.6587674617767334, -1.9584609270095825, -0.7518877387046814]], 

"7": [[0.05698174238204956, 4.79232931137085, -6.905965805053711, 0.8494834899902344]], 

"8": [[-0.8879971504211426, 2.1963257789611816, -1.0032591819763184, -0.515205979347229]], 

"9": [[-4.529082298278809, 4.152189254760742, -2.409001350402832, -1.367571234703064]],

"10": [[-3.2874622344970703, 3.1473937034606934, -4.586658477783203, -0.06290304660797119]], 

"11": [[-2.613935708999634, 3.2625136375427246, -2.5191311836242676, -1.9164022207260132]], 

"12": [[-0.8645356297492981, 1.7907997369766235, -0.6608121395111084, -2.5255093574523926]], 

"13": [[-0.35965102910995483, 4.950809955596924, -5.128087997436523, -0.525274395942688]], 

"14": [[-1.7640174627304077, 4.985255718231201, -2.1661195755004883, 1.7366749048233032]],

"15": [[0.17652487754821777, 4.62208890914917, 0.9834142923355103, -3.1664412021636963]], 

"16": [[0.6123021841049194, 4.121703624725342, -1.8345081806182861, -2.602855920791626]], 

"17": [[-5.13983678817749, 2.49841046333313, -0.11300486326217651, -0.6619760990142822]], 

"18": [[0.964274525642395, 5.710107326507568, 1.5781346559524536, -5.218576908111572]], 

"19": [[-0.10720270872116089, 4.993190288543701, -4.301825523376465, -0.6687217354774475]],  

"20": [[-1.975986361503601, 3.4839625358581543, -0.010907530784606934, -2.375328540802002]], 

"21": [[3.9547066688537598, 6.383257865905762, 3.170945644378662, -3.8610293865203857]], 

"22": [[-6.054436206817627, 6.896622657775879, 0.8679026961326599, -1.6124881505966187]], 

"23": [[-2.278114080429077, 2.6455800533294678, -0.8613901734352112, 0.226173996925354]], 

"24": [[0.4105306565761566, 5.2498674392700195, -2.9862470626831055, -2.715106964111328]], 

"25": [[0.0010360181331634521, 3.8025717735290527, -1.999067783355713, -2.20881986618042]], 

"26": [[-0.42610812187194824, 2.8909687995910645, -7.509880542755127, -0.5344149470329285]], 

"27": [[-3.4903101921081543, 3.8964266777038574, -0.36619269847869873, -7.533644676208496]], 

"28": [[-0.45193395018577576, -0.23723697662353516, -8.724932670593262, -4.123854637145996]], 

"29": [[-1.4731205701828003, 1.4864397048950195, 0.2027142345905304, -2.448307752609253]],  

"30": [[1.6294857263565063, 7.136318206787109, -4.879764556884766, -2.9229025840759277]], 

"31": [[-3.2185075283050537, 1.8932394981384277, -4.66625452041626, -4.723709583282471]], 

"32": [[1.2710909843444824, 2.3551886081695557, -1.3756567239761353, -1.8164713382720947]], 

"33": [[-3.7765982151031494, 5.4601593017578125, 2.458012104034424, -0.23581171035766602]], 

"34": [[-1.2329540252685547, 2.415428876876831, -5.295833587646484, -0.9273667335510254]], 

"35": [[0.01065295934677124, 0.4933481514453888, -2.369523048400879, -1.9919753074645996]], 

"36": [[3.795238971710205, 5.880274295806885, 0.09691056609153748, -2.0449838638305664]], 

"37": [[0.7122282385826111, 5.573599338531494, -4.935880184173584, -0.9353806972503662]], 

"38": [[-0.10055863857269287, 2.3112637996673584, -0.3059515953063965, 1.7536358833312988]],  

"39": [[0.006776303052902222, 0.6123788356781006, -2.3408913612365723, -2.209909439086914]]}
