{"0": [[-1.0708280801773071, -0.44803619384765625, -0.6757382154464722, -0.2515585422515869]], 

"1": [[-0.08587700128555298, 0.3049314022064209, -0.510169267654419, 1.1188606023788452]],

"2": [[-0.21291884779930115, -0.17203542590141296, -0.8763731718063354, 1.66619074344635]],

"3": [[-2.290778875350952, 0.5455997586250305, -4.2386040687561035, 1.8919525146484375]], 

"4": [[1.1982871294021606, -8.116454124450684, 2.4686896800994873, 7.2732930183410645]], 

"5": [[-1.5680487155914307, -1.6171525716781616, -2.7208876609802246, 1.5894410610198975]], 

"6": [[1.3978142738342285, 0.049011826515197754, 0.20058107376098633, 7.374313831329346]], 

"7": [[-3.711442708969116, -0.006124377250671387, -2.9244003295898438, 5.762218475341797]], 

"8": [[-0.05912327766418457, -1.863049030303955, -4.176928520202637, 5.974870681762695]], 

"9": [[0.45762255787849426, -0.04262983798980713, -7.837920188903809, 4.8998494148254395]],

"10": [[-3.2796497344970703, -3.434040069580078, 1.822319746017456, 4.389650821685791]], 

"11": [[-1.097804069519043, -0.1558508574962616, -1.3459641933441162, 3.2779853343963623]], 

"12": [[1.8138055801391602, -2.7533042430877686, 3.8608391284942627, 7.171642303466797]], 

"13": [[-9.152403831481934, -1.0352451801300049, -1.1612653732299805, 4.095156192779541]], 

"14": [[-5.807226657867432, 0.13009598851203918, 4.527759552001953, 4.745876789093018]], 

"15": [[-3.4994189739227295, -1.5220842361450195, 1.3729745149612427, 2.170062303543091]], 

"16": [[-0.1526554822921753, -5.364792823791504, -0.5119028687477112, 5.805082321166992]], 

"17": [[-2.8336966037750244, -1.956009864807129, -6.765562534332275, 3.53662109375]], 

"18": [[-3.3163609504699707, -1.8228135108947754, 0.01162089966237545, 2.304710865020752]], 

"19": [[-4.495116710662842, -0.19685018062591553, -3.4612903594970703, 4.502068519592285]],  

"20": [[-5.4611897468566895, -1.2170870304107666, -0.2993290424346924, 3.6125597953796387]], 

"21": [[-0.3348041772842407, -0.6501117944717407, -0.1713164895772934, 3.4394893646240234]], 

"22": [[-0.001502394676208496, -0.6928738355636597, 0.5280488729476929, 2.6007437705993652]], 

"23": [[-2.4910006523132324, -2.830251932144165, 0.5165506601333618, 3.6553444862365723]], 

"24": [[-1.7171159982681274, -1.8757259845733643, 1.7044587135314941, 1.7173538208007812]], 

"25": [[-0.06182871758937836, 0.24835415184497833, -0.6732199192047119, 2.9163076877593994]], 

"26": [[-5.843430519104004, -1.5909922122955322, -0.0016636848449707031, 1.5582093000411987]], 

"27": [[-0.9516278505325317, -1.0029933452606201, 0.05517197772860527, 2.7776522636413574]], 

"28": [[-2.407627582550049, -2.7856850624084473, -2.3809127807617188, 1.9603636264801025]], 

"29": [[0.17505645751953125, -8.179186820983887, 0.5449328422546387, 5.986748695373535]],  

"30": [[-0.9957727193832397, -1.294351577758789, 2.1530394554138184, 2.051612615585327]], 

"31": [[-0.6284933090209961, -0.17931172251701355, 0.5153327584266663, 2.353177309036255]], 

"32": [[-4.9715752601623535, -8.40926742553711, 1.3302921056747437, 4.6142072677612305]], 

"33": [[1.519499659538269, -0.6997917890548706, 0.7283771634101868, 1.3599308729171753]], 

"34": [[-5.07588005065918, -1.0773422718048096, -1.0171712636947632, 1.573001742362976]], 

"35": [[-2.1617958545684814, -7.0394673347473145, -1.176835060119629, 1.5836297273635864]], 

"36": [[-1.5135056972503662, -1.3063902854919434, 1.4366928339004517, 1.506730079650879]], 

"37": [[1.7892582416534424, 2.1340556144714355, 2.323552131652832, 6.647554397583008]], 

"38": [[1.683283805847168, 2.108419179916382, -1.8591339588165283, 3.264087677001953]],  

"39": [[-1.3613802194595337, -5.939732074737549, -1.3220337629318237, 1.374218463897705]]}
