{"0": [[-0.3549051880836487, -1.0718778371810913, -0.6456699967384338, -1.049649953842163]], 

"1": [[0.7230105400085449, -0.2321634292602539, -0.550377368927002, -0.07557088881731033]], 

"2": [[5.108434677124023, 1.053303837776184, -3.964405059814453, 1.6564273834228516]],

"3": [[3.3152668476104736, -1.6707743406295776, -2.751213312149048, -0.38697877526283264]], 

"4": [[6.369261264801025, -0.8929954767227173, -0.6873767971992493, -0.003210984170436859]], 

"5": [[4.3741230964660645, 1.5460901260375977, -6.3453288078308105, -0.13910531997680664]], 

"6": [[8.124767303466797, -5.20554256439209, -4.39792013168335, 2.6320929527282715]], 

"7": [[5.972702503204346, 2.854135036468506, -5.769784450531006, -2.2979679107666016]], 

"8": [[5.724963665008545, -2.109131097793579, -7.114961624145508, 1.2526236772537231]], 

"9": [[7.724091529846191, -2.455524444580078, -6.290917873382568, 3.597435235977173]], 

"10": [[3.3897337913513184, -4.682196140289307, -0.1455695629119873, -3.362802505493164]], 

"11": [[4.4189958572387695, -0.31223446130752563, -2.4767258167266846, -6.04838752746582]], 

"12": [[7.035696983337402, -1.4047870635986328, 1.9974857568740845, 1.627971887588501]], 

"13": [[4.687920570373535, 0.04616205394268036, -0.8860845565795898, -1.110649585723877]], 

"14": [[3.2484865188598633, -1.497381329536438, -1.5636322498321533, -1.2223068475723267]], 

"15": [[7.914852142333984, 3.791867971420288, -4.763955593109131, -5.674182891845703]], 

"16": [[4.1847944259643555, -0.3730405569076538, -7.602778434753418, -0.2569124102592468]], 

"17": [[7.013975620269775, -3.607842206954956, -2.589293956756592, 1.4216511249542236]], 

"18": [[7.861260414123535, 3.504082441329956, -1.4828697443008423, -5.759261608123779]], 

"19": [[4.904240608215332, -0.524894654750824, -2.602858066558838, -1.9359856843948364]], 

"20": [[4.879987716674805, 1.3912436962127686, -1.3271002769470215, -3.7845563888549805]], 

"21": [[8.03187084197998, 5.687809467315674, 2.770542860031128, -5.748201370239258]], 

"22": [[5.712081432342529, 1.4181910753250122, -1.4956974983215332, 0.9495896100997925]], 

"23": [[2.489203929901123, -7.892430782318115, -1.3701348304748535, -5.880046367645264]], 

"24": [[6.19027042388916, 1.4989941120147705, -2.142385959625244, -4.421841144561768]], 

"25": [[2.8649158477783203, -0.7938026785850525, -0.9176022410392761, -7.582828044891357]], 

"26": [[4.487614631652832, 1.5300681591033936, -10.14369010925293, -2.0277366638183594]], 

"27": [[7.222246170043945, 1.9360307455062866, -0.5809714794158936, -7.665464401245117]], 

"28": [[-0.6740476489067078, -0.8394684791564941, -7.697106838226318, -3.0539419651031494]], 

"29": [[4.077201843261719, -3.914008140563965, 1.453187108039856, -1.3710942268371582]],  

"30": [[4.294222831726074, -0.8146962523460388, -2.0608291625976562, -0.9236422181129456]], 

"31": [[3.0076730251312256, -1.5212923288345337, -2.9202983379364014, -5.792264461517334]], 

"32": [[1.3933115005493164, 0.9600880146026611, -0.5274398922920227, -1.4252104759216309]], 

"33": [[1.9498623609542847, -0.8993536829948425, 0.573694109916687, 1.495094656944275]], 

"34": [[2.4489798545837402, -0.3040465712547302, -2.349670648574829, -1.8961924314498901]], 

"35": [[0.26499247550964355, -0.3362264335155487, -2.4258785247802734, -2.054736852645874]], 

"36": [[4.2713775634765625, 2.1094894409179688, 0.6437515020370483, -0.7219111919403076]], 

"37": [[5.690497875213623, 1.234954833984375, -2.653520107269287, 0.3403778076171875]], 

"38": [[6.252423286437988, 2.0032598972320557, -5.225649356842041, 3.793822765350342]],  

"39": [[0.006811261177062988, -0.5680261850357056, -2.361952781677246, -1.7616618871688843]]}
